card_name,card_id,content_index,image_url,markdown,swappable_sides,audio_url
,019bb36b-17da-7b0c-9b1a-98e21e5c88e3,10,,to abide,false,
,019bb36b-17da-7b0c-9b1a-98e21e5c88e3,20,,"<p>
   to abide, I abode, abode.
</p>

<ol>
            <li>
              supporter, tolérer, endurer
              <br>He could not abide her constant complaining.
              <br><i>Il ne pouvait pas supporter ses plaintes constantes.</i>
            </li>
            <li>
              rester, demeurer, habiter, résider
              <br>He decided to abide in the countryside.
              <br><i>Il a décidé de rester à la campagne.</i>
            </li>
            <li>
              respecter, se conformer à, obéir à
              <br>You must abide by the laws of the state.
              <br><i>Vous devez respecter les lois de l'État.</i>
            </li>
</ol>",false,
,019bb36c-7ca5-7fcf-bf90-bf4923861611,10,,to arise,false,
,019bb36c-7ca5-7fcf-bf90-bf4923861611,20,,"<p>
  to arise, I arose, arisen.
</p>

<ol>
            <li>
              survenir, surgir, apparaître
              <br>A new problem has arisen.
              <br><i>Un nouveau problème a surgi.</i>
            </li>
            <li>
              se lever, se réveiller, sortir du lit
              <br>She arises at dawn every day.
              <br><i>Elle se lève à l'aube tous les jours.</i>
            </li>
            <li>
              se soulever, se révolter
              <br>The citizens arose against the tyrant.
              <br><i>Les citoyens se sont soulevés contre le tyran.</i>
            </li>
</ol>",false,
,019bb372-03ee-7cba-8232-e6236043f902,10,,to awake,false,
,019bb372-03ee-7cba-8232-e6236043f902,20,,"<p >
  to awake, I awoke, awoken.
</p>

<ol>
            <li>
              réveiller, éveiller
              <br>She gently shook her brother to awake him.
              <br><i>Elle a secoué doucement son frère pour le réveiller.</i>
            </li>
            <li>
              se réveiller, s'éveiller
              <br>I usually awake at sunrise.
              <br><i>Je me réveille généralement au lever du soleil.</i>
            </li>
            <li>
              motiver, réveiller, stimuler
              <br>The crisis awoke the community into action.
              <br><i>La crise a motivé la communauté à agir.</i>
            </li>
</ol>",false,
,019bb372-03f4-7e5c-b975-a35e4fe15f4c,10,,to be,false,
,019bb372-03f4-7e5c-b975-a35e4fe15f4c,20,,"<p>
  to be, I was, we were, been.
</p>

<p>
  <i>être</i>
</p>",false,
,019bb372-03fb-79dc-936f-f72c57a77976,10,,to bear,false,
,019bb372-03fb-79dc-936f-f72c57a77976,20,,"<p>
  to bear, I bore, born.
  <br>to bear, I bore, borne;
</p>

<ol>
            <li>
              porter, transporter
              <br>She can bear heavy loads on her back.
              <br><i>Elle peut porter de lourdes charges sur son dos.</i>
            </li>
            <li>
              endurer, tolérer
              <br>He cannot bear the loud noise.
              <br><i>Il ne peut pas supporter le bruit fort.</i>
            </li>
            <li>
              assumer, prendre en charge
              <br>She bears the cost of the repairs.
              <br><i>Elle assume le coût des réparations.</i>
            </li>
            <li>
              donner naissance, enfanter
              <br>She is bearing her first child.
              <br><i>Elle donne naissance à son premier enfant.</i>
            </li>
            <li>
              ressentir, éprouver, avoir
              <br>He bears no ill will towards them.
              <br><i>Il ne ressent aucune animosité envers eux.</i>
            </li>
            <li>
              tourner, prendre, virer
              <br>Bear left at the fork in the road.
              <br><i>Tournez à gauche à la bifurcation.</i>
            </li>
            <li>
              produire, donner, porter
              <br>The apple tree bears fruit every autumn.
              <br><i>Le pommier produit des fruits chaque automne.</i>
            </li>
</ol>",false,
,019bb372-0401-7e21-8698-374d97137578,10,,to beat,false,
,019bb372-0401-7e21-8698-374d97137578,20,,"<p>
  to beat, I beat, beaten.
</p>

<ol>
            <li>
              battre, vaincre, surpasser
              <br>She beat her opponent in the final match.
              <br><i>Elle a battu son adversaire lors du match final.</i>
            </li>
            <li>
              battre, frapper, marteler
              <br>He used a stick to beat the rug clean.
              <br><i>Il a utilisé un bâton pour battre le tapis afin de le nettoyer.</i>
            </li>
            <li>
              battre, palpiter, pulsater
              <br>His heart began to beat faster.
              <br><i>Son cœur a commencé à battre plus vite.</i>
            </li>
            <li>
              devancer, arriver avant
              <br>We beat them to the finish line.
              <br><i>Nous les avons battus à la ligne d'arrivée.</i>
            </li>
            <li>
              battre, fouetter, mélanger
              <br>Beat the eggs until fluffy.
              <br><i>Battez les œufs jusqu'à ce qu'ils soient mousseux.</i>
            </li>
</ol>",false,
,019bb376-b6cd-7ce5-b12e-67e84502fbdb,10,,to become,false,
,019bb376-b6cd-7ce5-b12e-67e84502fbdb,20,,"<p>
  to become, I became, become.
</p>

<p><i>devenir</i></p>",false,
,019bb376-b6d5-7312-9761-91b894192d76,10,,to beget,false,
,019bb376-b6d5-7312-9761-91b894192d76,20,,"<p>
            to beget, I begat, begotten;
            <br>to beget, I begot, begotten.
</p>

<ol>
            <li>
              engendrer, provoquer, causer
              <br>Hard work can beget success.
              <br><i>Le travail acharné peut engendrer le succès.</i>
            </li>
            <li>
              engendrer, procréer, avoir
              <br>He hopes to beget a son one day.
              <br><i>Il espère avoir un fils un jour.</i>
            </li>
</ol>",false,
,019bb376-b6da-77bc-aae1-537d5ba8a073,10,,to begin,false,
,019bb376-b6da-77bc-aae1-537d5ba8a073,20,,"<p>
            to begin, I began, begun.
</p>

<p><i>commencer</i></p>",false,
,019bb376-b6df-7dd0-a81b-d8c674d176ce,10,,to bend,false,
,019bb376-b6df-7dd0-a81b-d8c674d176ce,20,,"<p>
            to bend, I bent, bent.
</p>

<ol>
            <li>
              tourner, virer, courber
              <br>The road bends sharply to the left.
              <br><i>La route tourne brusquement à gauche.</i>
            </li>
            <li>
              se pencher, s'incliner
              <br>She bent down to pick up the coin.
              <br><i>Elle s'est penchée pour ramasser la pièce.</i>
            </li>
            <li>
              adapter, interpréter, fléchir
              <br>He bent the rules to suit his needs.
              <br><i>Il a adapté les règles à ses besoins.</i>
            </li>
</ol>",false,
,019bb376-b6e3-7a90-ab0e-1bcda65a713e,10,,to bet,false,
,019bb376-b6e3-7a90-ab0e-1bcda65a713e,20,,"<p>
  to bet, I bet, bet.
</p>

<p><i>parier</i></p>",false,
,019bb376-b6e8-7f07-ae43-eb522be2ad2b,10,,to bid,false,
,019bb376-b6e8-7f07-ae43-eb522be2ad2b,20,,"<p>
            to bid, I bid, bid;
            <br>to bid, I bade, bidden.
</p>

<ol>
            <li>
              ordonner, commander (UK)
              <br>The general bid his soldiers to charge.
              <br><i>Le général ordonna à ses soldats de charger.</i>
            </li>
            <li>
              offrir, enchérir, faire une offre
              <br>She bid $100 for the painting.
              <br><i>Elle a offert 100 $ pour le tableau.</i>
            </li>
            <li>
              tenter, essayer, s'efforcer
              <br>He bid to win the championship.
              <br><i>Il a tenté de remporter le championnat.</i>
            </li>
            <li>
              annoncer, déclarer
              <br>She bid three tricks in bridge.
              <br><i>Elle a annoncé trois levées au bridge.</i>
            </li>
</ol>",false,
,019bb376-b6ec-7f91-a8cd-cfaf37e77474,10,,to bite,false,
,019bb376-b6ec-7f91-a8cd-cfaf37e77474,20,,"<p>
            to bite, I bit, bitten.
</p>


<p><i>mordre</i></p>",false,
,019bb883-7166-71bd-ab8f-a4b500d197ff,10,,to bleed,false,
,019bb883-7166-71bd-ab8f-a4b500d197ff,20,,"<p>
  to bleed, I bled, bled.
</p>

<p><i>saigner</i></p>",false,
,019bb883-716f-779c-bafe-0c2f76de99ab,10,,to blow,false,
,019bb883-716f-779c-bafe-0c2f76de99ab,20,,"<p>
  to blow, I blew, blown.
</p>

<p><i>souffler, gonfler</i></p>",false,
,019bb883-7175-74e0-bb61-5aa3b83d1ae1,10,,to break,false,
,019bb883-7175-74e0-bb61-5aa3b83d1ae1,20,,"<p>
  to break, I broke, broken.
 </p>

<p><i>casser</i></p>",false,
,019bb883-717f-7557-981f-86af3c6e0863,10,,to breed,false,
,019bb883-717f-7557-981f-86af3c6e0863,20,,"<p class=""mb-0"">
  to breed, I bred, bred.
</p>

<ol>
            <li>
              engendrer, causer, provoquer
              <br>Neglect can breed resentment among team members.
              <br><i>La négligence peut engendrer du ressentiment parmi les membres de l'équipe.</i>
            </li>
            <li>
              accoupler, reproduire, élever
              <br>Farmers breed cows for better milk production.
              <br><i>Les agriculteurs accouplent des vaches pour une meilleure production de lait.</i>
            </li>
            <li>
              se reproduire, engendrer
              <br>The rabbits breed quickly in the wild.
              <br><i>Les lapins se reproduisent rapidement à l'état sauvage.</i>
            </li>
            <li>
              sélectionner, améliorer
              <br>They breed roses to enhance their color.
              <br><i>Ils cultivent des roses pour améliorer leur couleur.</i>
            </li>
</ol>",false,
,019bb883-7187-7aac-9d61-1145c612a036,10,,to bring,false,
,019bb883-7187-7aac-9d61-1145c612a036,20,,"<p>
  to bring, I brought, brought.
</p>

<ol>
            <li>
              apporter, amener, emmener
              <br>Please bring your books to class.
              <br><i>Veuillez apporter vos livres en classe.</i>
            </li>
            <li>
              évoquer, rappeler, faire ressurgir
              <br>That song brings back many memories.
              <br><i>Cette chanson évoque beaucoup de souvenirs.</i>
            </li>
            <li>
              vendre, rapporter, atteindre (US)
              <br>The painting brought a high price at auction.
              <br><i>Le tableau s'est vendu à un prix élevé aux enchères.</i>
            </li>
            <li>
              porter, intenter, accuser
              <br>They decided to bring charges against him.
              <br><i>Ils ont décidé de porter des accusations contre lui.</i>
            </li>
</ol>",false,
,019bb894-6229-758c-a5fd-58def3a0f1e9,10,,to broadcast,false,
,019bb894-6229-758c-a5fd-58def3a0f1e9,20,,"<p>
  to broadcast, I broadcast, broadcast.
</p>

<p><i>diffuser, émettre</i></p>",false,
,019bb894-6231-77cf-b8e0-93d8dc20aec1,10,,to build,false,
,019bb894-6231-77cf-b8e0-93d8dc20aec1,20,,"<p>
  to build, I built, built.
</p>

<p><i>construire</i></p>",false,
,019bb894-6238-779a-b53c-5d1a6703e405,10,,to burn,false,
,019bb894-6238-779a-b53c-5d1a6703e405,20,,"<p>
            to burn, I burnt, burnt;
            <br>to burn, I burned, burned.
</p>

<p><i>brûler</i></p>",false,
,019bb894-623e-7952-b58d-9d210084fea6,10,,to burst,false,
,019bb894-623e-7952-b58d-9d210084fea6,20,,"<p>
            to burst, I burst, burst.
</p>

<p><i>éclater</i></p>",false,
,019bb894-6244-79df-a749-7f718c9f9f3d,10,,to buy,false,
,019bb894-6244-79df-a749-7f718c9f9f3d,20,,"<p>
            to buy, I bought, bought.
</p>

<p><i>acheter</i></p>",false,
,019bb894-624c-7e3a-853e-30533a6c9ca3,10,,to cast,false,
,019bb894-624c-7e3a-853e-30533a6c9ca3,20,,"<p>
            to cast, I cast, cast.
</p>

<ol>
            <li>
              voter, exprimer son vote
              <br>Citizens cast their votes during the election.
              <br><i>Les citoyens ont voté lors de l'élection.</i>
            </li>
            <li>
              formuler, exprimer, rédiger
              <br>The statement was cast in a cautious tone.
              <br><i>La déclaration a été formulée d'un ton prudent.</i>
            </li>
            <li>
              couler, mouler, fondre
              <br>They cast bronze statues for the park.
              <br><i>Ils ont coulé des statues en bronze pour le parc.</i>
            </li>
</ol>",false,
,019bb894-6252-7fa9-b292-5265b948e6ed,10,,to catch,false,
,019bb894-6252-7fa9-b292-5265b948e6ed,20,,"<p>
            to catch, I caught, caught.
</p>

<p><i>attraper</i></p>",false,
,019bb894-6258-7edd-9541-e3bf7747f594,10,,to chide,false,
,019bb894-6258-7edd-9541-e3bf7747f594,20,,"<p>
            to chide, I chid, chid;
            <br>to chide, I chode, chidden.
</p>

<p><i>réprimander, gronder, tancer</i></p>",false,
,019bb894-625e-79ae-90a2-3d91396a15b1,10,,to choose,false,
,019bb894-625e-79ae-90a2-3d91396a15b1,20,,"<p>
  to choose, I chose, chosen.
</p>

<p><i>choisir</i></p>",false,
,019bb89d-266f-7c73-8fc0-4f17cb6cb7ca,10,,to cling,false,
,019bb89d-266f-7c73-8fc0-4f17cb6cb7ca,20,,"<p>
            to cling, I clung, clung.
</p>

<p><i>s'accrocher</i></p>",false,
,019bb89d-2677-77c9-a0ba-4dc875493b6c,10,,to clothe,false,
,019bb89d-2677-77c9-a0ba-4dc875493b6c,20,,"<p>
            to clothe, I clad, clad;
            <br>to clothe, I clothed, clothed.
</p>

<p><i>habiller, recouvrir</i></p>",false,
,019bb89d-267d-70cf-a967-7402b680f495,10,,to come,false,
,019bb89d-267d-70cf-a967-7402b680f495,20,,"<p>
            to come, I came, come.
</p>

<p><i>venir</i></p>",false,
,019bb89d-2682-7f2f-982a-851d354273af,10,,to cost,false,
,019bb89d-2682-7f2f-982a-851d354273af,20,,"<p >
            to cost, it cost, cost.
</p>

<p><i>coûter</i></p>",false,
,019bb89d-2687-79b5-9b49-a413baceec1c,10,,to creep,false,
,019bb89d-2687-79b5-9b49-a413baceec1c,20,,"<p >
            to creep, I crept, crept.
</p>

<p><i>ramper, se faufiler</i></p>",false,
,019bb89d-26d1-7194-9313-2adca57f74af,10,,to cut,false,
,019bb89d-26d1-7194-9313-2adca57f74af,20,,"<p>
            to cut, I cut, cut.
</p>

<p><i>couper</i></p>",false,
,019bb89d-26d6-7367-955d-a1e274854d38,10,,to deal,false,
,019bb89d-26d6-7367-955d-a1e274854d38,20,,"<p>
            to deal, I dealt, dealt.
</p>

<p><i>distribuer</i></p>",false,
,019bb89d-26da-7e75-a9e2-1f1ac5237059,10,,to dig,false,
,019bb89d-26da-7e75-a9e2-1f1ac5237059,20,,"<p>
            to dig, I dug, dug.
</p>

<p><i>creuser</i></p>",false,
,019bb89d-26e0-7048-b2d4-95d83d213498,10,,to dive,false,
,019bb89d-26e0-7048-b2d4-95d83d213498,20,,"<p>
            to dive, I dove, dived (US).
            <br>to dive, I dived, dived (UK);
</p>

<p><i>plonger</i></p>",false,
,019bb8a9-49ca-7b74-8f41-ddf7acc2a2e2,10,,to do,false,
,019bb8a9-49ca-7b74-8f41-ddf7acc2a2e2,20,,"<p>
            to do, I did, done.
</p>

<p><i>faire</i></p>",false,
,019bb8a9-49da-7dae-a573-b264e3650483,10,,to draw,false,
,019bb8a9-49da-7dae-a573-b264e3650483,20,,"<p >
            to draw, I drew, drawn.
</p>

<ol>
            <li>
              tirer, attirer, ramener
              <br>He had to draw the curtains to block the sunlight.
              <br><i>Il a dû tirer les rideaux pour bloquer la lumière du soleil.</i>
            </li>
            <li>
              dessiner, esquisser, croquer
              <br>She loves to draw animals in her sketchbook.
              <br><i>Elle adore dessiner des animaux dans son carnet de croquis.</i>
            </li>
            <li>
              extraire, retirer, puiser
              <br>They need to draw water from the well.
              <br><i>Ils doivent puiser de l'eau du puits.</i>
            </li>
            <li>
              susciter, provoquer, éveiller
              <br>His speech managed to draw applause from the audience.
              <br><i>Son discours a réussi à susciter des applaudissements de la part du public.</i>
            </li>
            <li>
              tirer au sort, choisir au hasard
              <br>They will draw names to decide the winner.
              <br><i>Ils vont tirer des noms au sort pour décider du gagnant.</i>
            </li>
            <li>
              rédiger, écrire, établir
              <br>The lawyer will draw the contract for us.
              <br><i>L'avocat va rédiger le contrat pour nous.</i>
            </li>
</ol>",false,
,019bb8a9-49e2-7a18-98ff-87c85f30e7cb,10,,to dream,false,
,019bb8a9-49e2-7a18-98ff-87c85f30e7cb,20,,"<p >
            to dream, I dreamt, dreamt;
            <br>to dream, I dreamed, dreamed.
</p>

<p><i>rêver</i></p>",false,
,019bb8a9-49e9-7750-a756-1ddd95376084,10,,to drive,false,
,019bb8a9-49e9-7750-a756-1ddd95376084,20,,"<p>
            to drive, I drove, driven.
</p>

<p><i>conduire</i></p>",false,
,019bb8a9-49f1-7920-8dc4-f83c5941747f,10,,to drink,false,
,019bb8a9-49f1-7920-8dc4-f83c5941747f,20,,"<p>
            to drink, I drank, drunk.
</p>

<p><i>boire</i></p>",false,
,019bb8a9-49fb-7c50-8004-12aba2a9a6c1,10,,to dwell,false,
,019bb8a9-49fb-7c50-8004-12aba2a9a6c1,20,,"<p>
            to dwell, I dwelt, dwelt;
            <br>to dwell, I dwelt, dwelled.
</p>

<ol>
            <li>
              habiter, résider, demeurer
              <br>They dwell in a small village.
              <br><i>Ils habitent dans un petit village.</i>
            </li>
            <li>
              s'attarder, ruminer, se focaliser
              <br>She tends to dwell on past mistakes.
              <br><i>Elle a tendance à s'attarder sur ses erreurs passées.</i>
            </li>
</ol>",false,
,019bb8a9-4a03-749d-8dd2-9c7e00f9230a,10,,to eat,false,
,019bb8a9-4a03-749d-8dd2-9c7e00f9230a,20,,"<p>
            to eat, I ate, eaten.
</p>

<p><i>manger</i></p>",false,
,019bb8ac-5d58-7376-9b06-98d889d1cf0d,10,,to fall,false,
,019bb8ac-5d58-7376-9b06-98d889d1cf0d,20,,"<p>
            to fall, I fell, fallen.
</p>

<p><i>tomber</i></p>",false,
,019bb8ac-5e84-707a-b325-8d8f334b3a11,10,,to feed,false,
,019bb8ac-5e84-707a-b325-8d8f334b3a11,20,,"<p>
            to feed, I fed, fed.
</p>

<p><i>nourrir</i></p>",false,
,019bb8ac-5ee7-7b84-a2fb-f6a7472a2a09,10,,to feel,false,
,019bb8ac-5ee7-7b84-a2fb-f6a7472a2a09,20,,"<p>
            to feel, I felt, felt.
</p>

<p><i>se sentir, ressentir</i></p>",false,
,019bb8ac-5f4b-79cf-a590-6dfd79890150,10,,to fight,false,
,019bb8ac-5f4b-79cf-a590-6dfd79890150,20,,"<p>
            to fight, I fought, fought.
</p>

<p><i>se battre</i></p>",false,
,019bb8ac-5f4f-7b68-848a-b4a67823e815,10,,to find,false,
,019bb8ac-5f4f-7b68-848a-b4a67823e815,20,,"<p>
            to find, I found, found.
</p>

<p><i>trouver</i></p>",false,
,019bb8ac-5faf-7a01-a56c-dc4ec2d0c7ea,10,,to flee,false,
,019bb8ac-5faf-7a01-a56c-dc4ec2d0c7ea,20,,"<p>
            to flee, I fled, fled.
</p>

<p><i>s'enfuir</i></p>",false,
,019bb8ac-5fb4-7221-ac65-3d8d089eba8c,10,,to fling,false,
,019bb8ac-5fb4-7221-ac65-3d8d089eba8c,20,,"<p>
            to fling, I flung, flung.
</p>

<p><i>lancer</i></p>",false,
,019bb8ac-6013-7aa7-8053-f0bc8cc9dea5,10,,to fly,false,
,019bb8ac-6013-7aa7-8053-f0bc8cc9dea5,20,,"<p >
            to fly, I flew, flown.
</p>

<p><i>voler</i></p>",false,
,019bb8b2-2ff5-7fbf-b214-bbcea3abe730,10,,to forbid,false,
,019bb8b2-2ff5-7fbf-b214-bbcea3abe730,20,,"<p>
            to forbid, I forbade, forbidden.
</p>

<p><i>interdire</i></p>",false,
,019bb8b2-2fff-76cc-97a9-e5f8bd0a7d94,10,,to forecast,false,
,019bb8b2-2fff-76cc-97a9-e5f8bd0a7d94,20,,"<p>
            to forecast, I forecast, forecast.
</p>

<p><i>prévoir</i></p>",false,
,019bb8b2-3005-7e2a-95c9-28fe4ac85bd8,10,,to foresee,false,
,019bb8b2-3005-7e2a-95c9-28fe4ac85bd8,20,,"<p>
            to foresee, I foresaw, foreseen.
</p>

<p><i>prévoir, pressentir</i></p>",false,
,019bb8b2-300f-7a15-b2b5-ce25840c11b4,10,,to forget,false,
,019bb8b2-300f-7a15-b2b5-ce25840c11b4,20,,"<p>
            to forget, I forgot, forgotten;
            <br>to forget, I forgot, forgot.
</p>

<p><i>oublier</i></p>",false,
,019bb8b2-3019-7c0c-8dad-fdf7ef8554be,10,,to forgive,false,
,019bb8b2-3019-7c0c-8dad-fdf7ef8554be,20,,"<p>
            to forgive, I forgave, forgiven.
</p>

<p><i>pardonner</i></p>",false,
,019bb8b2-3020-70da-9568-3a1a23773426,10,,to forsake,false,
,019bb8b2-3020-70da-9568-3a1a23773426,20,,"<p>
            to forsake, I forsook, forsaken.
</p>

<p><i>abandonner</i></p>",false,
,019bb8b2-3028-7208-8aaa-201efab8f17b,10,,to freeze,false,
,019bb8b2-3028-7208-8aaa-201efab8f17b,20,,"<p>
            to freeze, I froze, frozen.
</p>

<p><i>geler</i></p>",false,
,019bb8b2-302e-7915-bc04-3bfa7e6454f3,10,,to get,false,
,019bb8b2-302e-7915-bc04-3bfa7e6454f3,20,,"<p>
            to get, I got, gotten;
            <br>to get, I got, got.
</p>

<p><i>obtenir</i></p>",false,
,019bb8b2-3035-755c-a06b-4a1fb50aa98f,10,,to give,false,
,019bb8b2-3035-755c-a06b-4a1fb50aa98f,20,,"<p>
            to give, I gave, given.
</p>

<p><i>donner</i></p>",false,
,019bb8b2-305f-70f5-9d08-632e9c5da3ee,10,,to go,false,
,019bb8b2-305f-70f5-9d08-632e9c5da3ee,20,,"<p>
            to go, I went, gone.
</p>

<p><i>aller</i></p>",false,
,019bb8b2-3068-7c9d-8ac7-0addc0314bef,10,,to grind,false,
,019bb8b2-3068-7c9d-8ac7-0addc0314bef,20,,"<p>
            to grind, I ground, ground.
</p>

<ol>
            <li>
              broyer, moudre, pulvériser
              <br>She used a mortar to grind the spices.
              <br><i>Elle a utilisé un mortier pour broyer les épices.</i>
            </li>
            <li>
              trimer, bosser, bûcher
              <br>She had to grind all night for the exam.
              <br><i>Elle a dû trimer toute la nuit pour l'examen.</i>
            </li>
            <li>
              polir
              <br>He used a stone to grind the knife's edge.
              <br><i>Il a utilisé une pierre pour polir le tranchant du couteau.</i>
            </li>
            <li>
              opprimer, affaiblir, écraser
              <br>The regime continued to grind the people down.
              <br><i>Le régime a continué à opprimer le peuple.</i>
            </li>
            <li>
              glisser, grinder, faire un slide (US)
              <br>He managed to grind the rail perfectly.
              <br><i>Il a réussi à glisser parfaitement sur la rampe.</i>
            </li>
</ol>",false,
,019bb8e4-382b-72fb-b748-56659b301de0,10,,to grow,false,
,019bb8e4-382b-72fb-b748-56659b301de0,20,,"<p>
            to grow, I grew, grown.
</p>

<p><i>grandir, pousser</i></p>",false,
,019bb8e4-3834-7750-b38e-4ed98175a69e,10,,to hang,false,
,019bb8e4-3834-7750-b38e-4ed98175a69e,20,,"<p>
            to hang, I hung, hung.
</p>

<ol>
            <li>
              traîner, passer du temps, flâner (familier, US)
              <br>They hang out at the mall on weekends.
              <br><i>Ils traînent au centre commercial le week-end.</i>
            </li>
            <li>
              suspendre, accrocher, pendre
              <br>She likes to hang her plants near the window.
              <br><i>Elle aime suspendre ses plantes près de la fenêtre.</i>
            </li>
            <li>
              pendre, exécuter par pendaison
              <br>The criminal was hanged at dawn.
              <br><i>Le criminel a été pendu à l'aube.</i>
            </li>
</ol>",false,
,019bb8e4-3892-700a-a4bc-9d65ef1cac5e,10,,to have,false,
,019bb8e4-3892-700a-a4bc-9d65ef1cac5e,20,,"<p>
            to have, I had, had.
</p>

<p><i>avoir</i></p>",false,
,019bb8e4-389a-7ac8-a5cb-699e0350f0c7,10,,to hear,false,
,019bb8e4-389a-7ac8-a5cb-699e0350f0c7,20,,"<p>
            to hear, I heard, heard.
</p>

<p><i>entendre</i></p>",false,
,019bb8e4-38a1-7f8d-a80d-bef433f995d9,10,,to hide,false,
,019bb8e4-38a1-7f8d-a80d-bef433f995d9,20,,"<p>
            to hide, I hid, hidden.
</p>

<p><i>cacher</i></p>",false,
,019bb8e4-38aa-707c-9636-6cb2095a96ec,10,,to hit,false,
,019bb8e4-38aa-707c-9636-6cb2095a96ec,20,,"<p>
            to hit, I hit, hit.
</p>

<ol>
            <li>
              frapper, taper, heurter
              <br>She hit the ball with a bat.
              <br><i>Elle a frappé la balle avec une batte.</i>
            </li>
            <li>
              appuyer, presser, taper
              <br>Hit the enter key to continue.
              <br><i>Appuyez sur la touche entrée pour continuer.</i>
            </li>
            <li>
              bouleverser, affecter, toucher
              <br>The news really hit him hard.
              <br><i>La nouvelle l'a vraiment bouleversé.</i>
            </li>
</ol>",false,
,019bb8e4-38b0-75d0-8cfc-42508a302619,10,,to hold,false,
,019bb8e4-38b0-75d0-8cfc-42508a302619,20,,"<p>
            to hold, I held, held.
</p>

<p><i>tenir</i></p>",false,
,019bb8e9-df74-7d00-b6a8-0472af48b935,10,,to hurt,false,
,019bb8e9-df74-7d00-b6a8-0472af48b935,20,,"<p>
            to hurt, I hurt, hurt.
</p>

<p><i>blesser</i></p>",false,
,019bb8e9-df7d-7cf8-8500-c285c0cd2b76,10,,to keep,false,
,019bb8e9-df7d-7cf8-8500-c285c0cd2b76,20,,"<p>
            to keep, I kept, kept.
</p>

<p><i>garder</i></p>",false,
,019bb8e9-df84-7f8f-94fa-188fa4fb5f78,10,,to kneel,false,
,019bb8e9-df84-7f8f-94fa-188fa4fb5f78,20,,"<p>
            to kneel, I knelt, knelt;
            <br>to kneel, I kneeled, kneeled.
</p>

<p><i>s'agenouiller</i></p>",false,
,019bb8e9-df8c-726b-8010-4ef9371db518,10,,to know,false,
,019bb8e9-df8c-726b-8010-4ef9371db518,20,,"<p >
            to know, I knew, known.
</p>

<p><i>connaître, savoir</i></p",false,
,019bb8e9-df93-7463-a21a-baff0a2ca7a4,10,,to lay,false,
,019bb8e9-df93-7463-a21a-baff0a2ca7a4,20,,"<p>
            to lay, I laid, laid.
</p>

<ol>
            <li>
              poser, placer, déposer
              <br>She laid the book on the table.
              <br><i>Elle a posé le livre sur la table.</i>
            </li>
            <li>
              imposer, appliquer
              <br>They laid a tax on all imports.
              <br><i>Ils ont imposé une taxe sur toutes les importations.</i>
            </li>
</ol>",false,
,019bb8ed-bb09-777d-a45e-217fbd468475,10,,to lead,false,
,019bb8ed-bb09-777d-a45e-217fbd468475,20,,"<p>
            to lead, I led, led.
</p>

<p><i>mener, guider</i></p>",false,
,019bb8ed-bb11-7d43-a47d-90f683f47938,10,,to lean,false,
,019bb8ed-bb11-7d43-a47d-90f683f47938,20,,"<p>
            to lean, I leant, leant;
            <br>to lean, I leaned, leaned.
</p>

<p><i>s'incliner, se pencher</i></p>",false,
,019bb8ed-bb17-7bda-aad6-eee23b5e8af2,10,,to leap,false,
,019bb8ed-bb17-7bda-aad6-eee23b5e8af2,20,,"<p>
            to leap, I leapt, leapt;
            <br>to leap, I leaped, leaped.
</p>

<p><i>sauter, bondir</i></p>",false,
,019bb8ed-bb1d-77a7-9c51-830334ac81ae,10,,to learn,false,
,019bb8ed-bb1d-77a7-9c51-830334ac81ae,20,,"<p>
            to learn, I learnt, learnt.
</p>

<p><i>apprendre</i></p>",false,
,019bb8ed-bb23-71dd-b93a-03891716d79f,10,,to leave,false,
,019bb8ed-bb23-71dd-b93a-03891716d79f,20,,"<p>
            to leave, I left, left.
</p>

<p><i>laisser, quitter, partir</i></p>",false,
,019bb8ed-bb28-7bb6-b960-8673c5572de8,10,,to lend,false,
,019bb8ed-bb28-7bb6-b960-8673c5572de8,20,,"<p>
            to lend, I lent, lent.
</p>

<p><i>prêter</i></p>",false,
,019bb8ed-bb2e-7a54-9f75-715860b6ffee,10,,to let,false,
,019bb8ed-bb2e-7a54-9f75-715860b6ffee,20,,"<p>
            to let, I let, let.
</p>

<ol>
            <li>
              laisser, permettre, autoriser
              <br>Let him go to the party.
              <br><i>Laisse-le aller à la fête.</i>
            </li>
            <li>
              supposer, admettre
              <br>Let x equal 5 in this equation.
              <br><i>Soit x égal à 5 dans cette équation.</i>
            </li>
            <li>
              louer, mettre en location (UK)
              <br>They let their apartment to a young couple.
              <br><i>Ils ont loué leur appartement à un jeune couple.</i>
            </li>
</ol>",false,
,019bbd1a-a73a-74e7-8bbf-bb8e3bd7c8c6,10,,to lie,false,
,019bbd1a-a73a-74e7-8bbf-bb8e3bd7c8c6,20,,"<p>
            to lie, I lay, lain.
</p>

<p><i>s'allonger</i></p>
<p>
            A ne pas confondre avec le verbe régulier <i>to lie, I lied, lied</i>, qui signifie <i>mentir</i>,
            ni avec le verbe irrégulier <i>to lay, I laid, laid</i>, qui signifie <i>poser</i>.
</p>",false,
,019bbd1a-a745-7c9e-8145-49b1804c78e8,10,,to light,false,
,019bbd1a-a745-7c9e-8145-49b1804c78e8,20,,"<p>
            to light, I lit, lit;
            <br>to light, I lighted, lighted.
</p>

<p><i>allumer</i></p>",false,
,019bbd1a-a74a-7970-a908-d7ca6e4c0ebb,10,,to lose,false,
,019bbd1a-a74a-7970-a908-d7ca6e4c0ebb,20,,"<p>
            to lose, I lost, lost.
</p>

<p><i>perdre</i></p>",false,
,019bbd1a-a750-76dd-909f-ff17f227fa09,10,,to make,false,
,019bbd1a-a750-76dd-909f-ff17f227fa09,20,,"<p>
            to make, I made, made.
</p>

<p><i>fabriquer</i></p>",false,
,019bbd1a-a755-72a9-b1eb-7a2c6a86a82c,10,,to mean,false,
,019bbd1a-a755-72a9-b1eb-7a2c6a86a82c,20,,"<p>
            to mean, I meant, meant.
</p>

<p><i>signifier</i></p>",false,
,019bbd1a-a75a-79e6-8193-a3fd1feef161,10,,to meet,false,
,019bbd1a-a75a-79e6-8193-a3fd1feef161,20,,"<p>
            to meet, I met, met.
</p>

<p><i>rencontrer</i></p>",false,
,019bbd1a-a779-7613-9e0c-20021cd80e44,10,,to mow,false,
,019bbd1a-a779-7613-9e0c-20021cd80e44,20,,"<p>
            to mow, I mowed, mown.
            <br>to mow, I mowed, mowed;
</p>

<ol>
            <li>
              tondre, couper
              <br>He mows the lawn every Saturday.
              <br><i>Il tond la pelouse tous les samedis.</i>
            </li>
            <li>
              faucher, abattre, massacrer
              <br>The soldiers mowed through the enemy ranks.
              <br><i>Les soldats ont fauché les rangs ennemis.</i>
            </li>
</ol>",false,
,019bbd1a-a77f-7684-9735-5201cea0d0a0,10,,to offset,false,
,019bbd1a-a77f-7684-9735-5201cea0d0a0,20,,"<p>
            to offset, I offset, offset.
</p>

<p><i>compenser</i></p>",false,
,019bbd1a-a783-7d0a-a2a9-e496dcb3699c,10,,to overcome,false,
,019bbd1a-a783-7d0a-a2a9-e496dcb3699c,20,,"<p>
            to overcome, I overcame, overcome.
</p>

<p><i>surmonter</i></p>",false,
,019bbd1a-a788-7033-89d2-9b071abad146,10,,to partake,false,
,019bbd1a-a788-7033-89d2-9b071abad146,20,,"<p>
            to partake, I partook, partaken.
</p>

<p><i>prendre part à</i></p>",false,
,019bbd1a-a78c-77f6-812e-17ef4e8c10cd,10,,to pay,false,
,019bbd1a-a78c-77f6-812e-17ef4e8c10cd,20,,"<p>
            to pay, I paid, paid.
</p>

<p><i>payer</i></p>",false,
,019bbd1a-a795-706a-be57-bba0c63eaf21,10,,to plead,false,
,019bbd1a-a795-706a-be57-bba0c63eaf21,20,,"<p>
            to plead, I pled, pled;
            <br>to plead, I pleaded, pleaded.
</p>

<ol>
            <li>
              prétexter, invoquer, alléguer
              <br>He pleaded illness to avoid the meeting.
              <br><i>Il a prétexté une maladie pour éviter la réunion.</i>
            </li>
            <li>
              supplier, implorer, prier
              <br>She plead for mercy in the courtroom.
              <br><i>Elle a supplié pour obtenir la clémence au tribunal.</i>
            </li>
            <li>
              plaider, déclarer, avouer
              <br>He pleaded not guilty to the charges.
              <br><i>Il a plaidé non coupable des accusations.</i>
            </li>
</ol>",false,
,019bbd1e-0cbd-725b-868b-048ce6cdb291,10,,to preset,false,
,019bbd1e-0cbd-725b-868b-048ce6cdb291,20,,"<p>
            to preset, I preset, preset.
</p>

<p><i>programmer, prérégler</i></p>",false,
,019bbd1e-0cc4-7c2a-ba71-10d901cf320b,10,,to prove,false,
,019bbd1e-0cc4-7c2a-ba71-10d901cf320b,20,,"<p>
            to prove, I proved, proven;
            <br>to prove, I proved, proved.
</p>

<p><i>prouver</i></p>",false,
,019bbd1e-0cca-7da2-82c9-3e35204e1859,10,,to put,false,
,019bbd1e-0cca-7da2-82c9-3e35204e1859,20,,"<p>
            to put, I put, put.
</p>

<p><i>mettre</i></p>",false,
,019bbd1e-0cd0-75da-8019-852e4945d1c2,10,,to quit,false,
,019bbd1e-0cd0-75da-8019-852e4945d1c2,20,,"<p>
            to quit, I quit, quit.
</p>

<p><i>quitter</i></p>",false,
,019bbd1e-0cd5-7d1d-9d86-d420402d2036,10,,to read,false,
,019bbd1e-0cd5-7d1d-9d86-d420402d2036,20,,"<p>
            to read, I read, read.
</p>

<p><i>lire</i></p>",false,
,019bbd1e-0cdb-7801-b17a-1fbd77ec673b,10,,to relay,false,
,019bbd1e-0cdb-7801-b17a-1fbd77ec673b,20,,"<p>
            to relay, I relaid, relaid.
</p>

<p><i>relayer</i></p>",false,
,019bbd1e-0ce1-78a0-973c-bda14d2127d8,10,,to rend,false,
,019bbd1e-0ce1-78a0-973c-bda14d2127d8,20,,"<p>
            to rend, I rent, rent.
</p>

<ol>
            <li>
              se déchirer, se fendre
              <br>The old flag began to rend in the wind.
              <br><i>Le vieux drapeau a commencé à se déchirer dans le vent.</i>
            </li>
            <li>
              déchirer, mettre en pièces
              <br>The storm will rend the sails.
              <br><i>La tempête va déchirer les voiles.</i>
            </li>
</ol>",false,
,019bbd1e-0ce8-7617-9375-2c2621a8360c,10,,to rid,false,
,019bbd1e-0ce8-7617-9375-2c2621a8360c,20,,"<p>
            to rid, I rid, rid.
</p>

<p><i>débarrasser, chasser</i></p>

<p>
            She rid the garden of weeds.
            <br><i>Elle a débarrassé le jardin des mauvaises herbes.</i>
</p>

<p>
            He rid his mind of negative thoughts.
            <br><i>Il a chassé les pensées négatives de son esprit.</i>
</p>",false,
,019bbd1e-0cee-73c5-8f7f-68fb998dbef4,10,,to ride,false,
,019bbd1e-0cee-73c5-8f7f-68fb998dbef4,20,,"<p>
            to ride, I rode, ridden.
</p>

<p><i>monter (vélo, cheval)</i></p>",false,
,019bbd21-aa63-716f-b9c7-36fa9a64d3aa,10,,to ring,false,
,019bbd21-aa63-716f-b9c7-36fa9a64d3aa,20,,"<p>
            to ring, I rang, rung.
</p>

<p><i>sonner, téléphoner</i></p>",false,
,019bbd21-aac9-74df-943e-e6ca0191316a,10,,to rise,false,
,019bbd21-aac9-74df-943e-e6ca0191316a,20,,"<p>
            to rise, I rose, risen.
</p>

<ol>
            <li>
              monter, s'élever, grimper
              <br>The balloon will rise once released.
              <br><i>Le ballon montera une fois lâché.</i>
            </li>
            <li>
              se lever, apparaître, émerger
              <br>The sun will rise at 6 AM.
              <br><i>Le soleil va se lever à 6 heures.</i>
            </li>
            <li>
              augmenter, croître
              <br>The prices continue to rise every year.
              <br><i>Les prix continuent d'augmenter chaque année.</i>
            </li>
</ol>",false,
,019bbd21-aace-761b-919d-a5e442c19176,10,,to run,false,
,019bbd21-aace-761b-919d-a5e442c19176,20,,"<p>
            to run, I ran, run.
</p>

<p><i>courir</i></p>",false,
,019bbd21-ab2f-7943-a534-ed78190ade5b,10,,to saw,false,
,019bbd21-ab2f-7943-a534-ed78190ade5b,20,,"<p>
            to saw, I saw, sawn;
            <br>to saw, I sawed, sawed.
</p>

<p><i>scier</i></p>",false,
,019bbd21-ab8e-77b9-9a10-2d9476336b99,10,,to say,false,
,019bbd21-ab8e-77b9-9a10-2d9476336b99,20,,"<p>
            to say, I said, said.
</p>

<p><i>dire</i></p>",false,
,019bbd21-ab92-7e11-a5b6-18080d97a6b6,10,,to see,false,
,019bbd21-ab92-7e11-a5b6-18080d97a6b6,20,,"<p>
            to see, I saw, seen.
</p>

<p><i>voir</i></p>",false,
,019bbd21-ab96-79b9-816e-e6685ad6e0fb,10,,to seek,false,
,019bbd21-ab96-79b9-816e-e6685ad6e0fb,20,,"<p>
            to seek, I sought, sought.
</p>

<p><i>chercher</i></p>",false,
,019bbd21-ab9a-7382-8c14-34f2714c4a71,10,,to sell,false,
,019bbd21-ab9a-7382-8c14-34f2714c4a71,20,,"<p>
            to sell, I sold, sold.
</p>

<p><i>vendre</i></p>",false,
,019bbd21-ab9e-71ba-98b2-255674d96705,10,,to send,false,
,019bbd21-ab9e-71ba-98b2-255674d96705,20,,"<p>
            to send, I sent, sent.
</p>

<p><i>envoyer</i></p>",false,
,019bbd21-aba4-77af-ac2e-c419620d1dda,10,,to set,false,
,019bbd21-aba4-77af-ac2e-c419620d1dda,20,,"<p>
            to set, I set, set.
</p>

<ol>
            <li>
              mettre, placer, poser
              <br>She set the vase on the table.
              <br><i>Elle a mis le vase sur la table.</i>
            </li>
            <li>
              mettre, rendre
              <br>The news set him thinking.
              <br><i>La nouvelle l'a fait réfléchir.</i>
            </li>
            <li>
              fixer, déterminer, établir
              <br>The teacher set the rules for the class.
              <br><i>Le professeur a fixé les règles de la classe.</i>
            </li>
</ol>",false,
,019bbd25-af97-7bac-b437-65c6b09efd77,10,,to shake,false,
,019bbd25-af97-7bac-b437-65c6b09efd77,20,,"<p>
            to shake, I shook, shaken.
</p>

<p><i>secouer</i></p>",false,
,019bbd25-afa3-7aaa-b435-5c4df66d4162,10,,to shed,false,
,019bbd25-afa3-7aaa-b435-5c4df66d4162,20,,"<p>
            to shed, I shed, shed.
</p>

<ol>
            <li>
              se débarrasser, jeter, éliminer
              <br>He shed his old clothes for charity.
              <br><i>Il s'est débarrassé de ses vieux vêtements pour les donner à une association caritative.</i>
            </li>
            <li>
              projeter
              <br>The lamp shed a warm glow.
              <br><i>La lampe diffusait une lueur chaleureuse.</i>
            </li>
            <li>
              séparer, enlever, détacher
              <br>The farmer shed the sheep from the herd.
              <br><i>Le fermier a séparé les moutons du troupeau.</i>
            </li>
            <li>
              déverser, répandre
              <br>The clouds shed rain over the city.
              <br><i>Les nuages ont déversé la pluie sur la ville.</i>
            </li>
            <li>
              faire couler le sang, massacrer
              <br>The battle shed much blood.
              <br><i>La bataille a fait couler beaucoup de sang.</i>
            </li>
</ol>",false,
,019bbd25-afac-75b4-b69d-71014a540300,10,,to shine,false,
,019bbd25-afac-75b4-b69d-71014a540300,20,,"<p>
            to shine, I shone, shone.
</p>

<p><i>briller</i></p>",false,
,019bbd25-afb4-7d5a-9d61-f6a3f2c2cf85,10,,to shit,false,
,019bbd25-afb4-7d5a-9d61-f6a3f2c2cf85,20,,"<p>
            to shit, I shit, shit;
            <br>to shit, I shat, shat.
</p>

<p><i>chier</i></p>",false,
,019bbd25-afbc-7fa1-aad2-01fc00e2982e,10,,to shoe,false,
,019bbd25-afbc-7fa1-aad2-01fc00e2982e,20,,"<p>
            to shoe, I shod, shod.
</p>

<ol>
            <li>
              ferrer, chausser, équiper de fers
              <br>The blacksmith shoes the horse every six weeks.
              <br><i>Le maréchal-ferrant ferre le cheval toutes les six semaines.</i>
            </li>
            <li>
              recouvrir, protéger
              <br>The craftsman shoes the table legs with metal caps.
              <br><i>L'artisan chausse les pieds de table avec des embouts métalliques.</i>
            </li>
</ol>",false,
,019bbd25-afc5-756e-9f2f-e7b884945146,10,,to shoot,false,
,019bbd25-afc5-756e-9f2f-e7b884945146,20,,"<p>
            to shoot, I shot, shot.
</p>

<ol>
            <li>
              tirer, fusiller
              <br>He decided to shoot the target with precision.
              <br><i>Il a décidé de tirer sur la cible avec précision.</i>
            </li>
            <li>
              traverser, transpercer, foudroyer
              <br>A sharp pain will shoot through his leg.
              <br><i>Une douleur aiguë va traverser sa jambe.</i>
            </li>
            <li>
              photographier, filmer (familier)
              <br>They plan to shoot the movie in New York.
              <br><i>Ils prévoient de tourner le film à New York.</i>
            </li>
</ol>",false,
,019bbd25-b01c-7670-ac97-b770d4ad1200,10,,to show,false,
,019bbd25-b01c-7670-ac97-b770d4ad1200,20,,"<p>
            to show, I showed, shown.
</p>

<p><i>montrer</i></p>",false,
,019bbd25-b0d7-7e3e-a3c6-767622f1446a,10,,to shut,false,
,019bbd25-b0d7-7e3e-a3c6-767622f1446a,20,,"<p>
            to shut, I shut, shut.
</p>

<p><i>fermer</i></p>",false,
,019bbd25-b0df-734f-a09f-3c47e17a5a4d,10,,to sing,false,
,019bbd25-b0df-734f-a09f-3c47e17a5a4d,20,,"<p>
            to sing, I sang, sung.
</p>

<p><i>chanter</i></p>",false,
,019bbd28-cf88-7ee3-8c6d-0d8a58d4b9c3,10,,to sink,false,
,019bbd28-cf88-7ee3-8c6d-0d8a58d4b9c3,20,,"<p>
            to sink, I sank, sunk;
            <br>to sink, I sunk, sunken.
</p>

<p><i>couler</i></p>",false,
,019bbd28-cf8e-7de3-8406-1f1740f2be89,10,,to sit,false,
,019bbd28-cf8e-7de3-8406-1f1740f2be89,20,,"<p>
            to sit, I sat, sat.
</p>

<p><i>s'asseoir</i></p>",false,
,019bbd28-cf92-795d-8664-46abd7677b64,10,,to slay,false,
,019bbd28-cf92-795d-8664-46abd7677b64,20,,"<p>
            to slay, I slew, slain.
</p>

<p><i>tuer</i></p>",false,
,019bbd28-cf96-7612-8f99-ee5f53132f8a,10,,to sleep,false,
,019bbd28-cf96-7612-8f99-ee5f53132f8a,20,,"<p>
            to sleep, I slept, slept.
</p>

<p><i>dormir</i></p>",false,
,019bbd28-cf99-7e92-8a57-fe2d70cb3264,10,,to slide,false,
,019bbd28-cf99-7e92-8a57-fe2d70cb3264,20,,"<p>
            to slide, I slid, slid.
</p>

<p><i>glisser</i></p>",false,
,019bbd28-cf9d-7c27-b636-00395177c5e3,10,,to slink,false,
,019bbd28-cf9d-7c27-b636-00395177c5e3,20,,"<p>
            to slink, I slunk, slunk.
            <br>to slink, I slinked, slinked.
</p>

<p><i>s'éclipser, se dérober, partir discrètement</i></p>",false,
,019bbd28-cfa1-7db1-9013-5d7ebde40991,10,,to slit,false,
,019bbd28-cfa1-7db1-9013-5d7ebde40991,20,,"<p>
            to slit, I slit, slit.
</p>

<p><i>fendre</i></p>",false,
,019bbd28-cfa5-7d24-886f-c8414df2da10,10,,to smell,false,
,019bbd28-cfa5-7d24-886f-c8414df2da10,20,,"<p>
            to smell, I smelt, smelt.
</p>

<p><i>sentir, dégager une odeur</i></p>",false,
,019bbd28-cfa9-7f2b-acc1-7f03bf16e04d,10,,to sow,false,
,019bbd28-cfa9-7f2b-acc1-7f03bf16e04d,20,,"<p>
            to sow, I sowed, sown.
            <br>to sow, I sowed, sowed.
</p>

<p><i>semer</i></p>",false,
,019bbd28-cfaf-7060-8b01-1b7df70f6612,10,,to speak,false,
,019bbd28-cfaf-7060-8b01-1b7df70f6612,20,,"<p>
            to speak, I spoke, spoken.
</p>

<p><i>parler</i></p>",false,
,019bbd41-00a7-7d25-a54e-4ebd2e3a07e2,10,,to speed,false,
,019bbd41-00a7-7d25-a54e-4ebd2e3a07e2,20,,"<p>
            to speed, I sped, sped.
</p>

<p><i>aller vite, accélérer</i></p>",false,
,019bbd41-00c8-7086-a40f-12abf320657a,10,,to spell,false,
,019bbd41-00c8-7086-a40f-12abf320657a,20,,"<p>
            to spell, I spelt, spelt.
</p>

<ol>
            <li>
              épeler, orthographier
              <br>I spelled the word correctly.
              <br><i>J'ai épelé le mot correctement.</i>
            </li>
            <li>
              annoncer, signifier, indiquer
              <br>Dark clouds spell rain.
              <br><i>Les nuages noirs annoncent la pluie.</i>
            </li>
            <li>
              expliquer, détailler, clarifier (US)
              <br>Let me spell out the instructions for you.
              <br><i>Laisse-moi expliquer les instructions pour toi.</i>
            </li>
            <li>
              ensorceler, jeter un sort
              <br>The witch will spell the prince at midnight.
              <br><i>La sorcière va ensorceler le prince à minuit.</i>
            </li>
</ol>",false,
,019bbd41-00ce-73cf-9bba-f8f123a2e437,10,,to spend,false,
,019bbd41-00ce-73cf-9bba-f8f123a2e437,20,,"<p>
            to spend, I spent, spent.
</p>

<ol>
            <li>
              dépenser, utiliser, payer
              <br>I will spend $50 on groceries today.
              <br><i>Je vais dépenser 50 $ en courses aujourd'hui.</i>
            </li>
            <li>
              passer (du temps)
              <br>She spends her evenings reading novels.
              <br><i>Elle passe ses soirées à lire des romans.</i>
            </li>
</ol>",false,
,019bbd41-00d4-720a-9320-69f0df409e48,10,,to spill,false,
,019bbd41-00d4-720a-9320-69f0df409e48,20,,"<p>
            to spill, I spilt, spilt.
            <br>to spill, I spilled, spilled.
</p>

<ol>
            <li>
              renverser, verser, faire couler
              <br>She accidentally spilled the milk on the table.
              <br><i>Elle a accidentellement renversé le lait sur la table.</i>
            </li>
            <li>
              révéler, divulger, dévoiler
              <br>He spilled the details of the surprise party.
              <br><i>Il a révélé les détails de la fête surprise.</i>
            </li>
            <li>
              déferler, se déverser, sortir
              <br>Fans spilled out of the stadium after the game.
              <br><i>Les fans ont déferlé du stade après le match.</i>
            </li>
</ol>",false,
,019bbd41-00da-77c3-94b9-f5afe28ef7f2,10,,to spin,false,
,019bbd41-00da-77c3-94b9-f5afe28ef7f2,20,,"<p>
            to spin, I spun, spun.
</p>

<ol>
            <li>
              tourner, faire tourner
              <br>She watched the top spin on the table.
              <br><i>Elle a regardé la toupie tourner sur la table.</i>
            </li>
            <li>
              jouer, passer, diffuser
              <br>The DJ will spin records all night.
              <br><i>Le DJ jouera des disques toute la nuit.</i>
            </li>
            <li>
              filer, tordre, torsader
              <br>She learned to spin wool into yarn.
              <br><i>Elle a appris à filer la laine pour en faire du fil.</i>
            </li>
            <li>
              faire traîner, étirer, prolonger
              <br>He tends to spin his stories unnecessarily.
              <br><i>Il a tendance à faire traîner ses histoires inutilement.</i>
            </li>
            <li>
              pêcher au lancer
              <br>They went to spin for trout in the river.
              <br><i>Ils sont allés pêcher au lancer des truites dans la rivière.</i>
            </li>
</ol>",false,
,019bbd41-0109-7485-8e00-cee23764d7df,10,,to spit,false,
,019bbd41-0109-7485-8e00-cee23764d7df,20,,"<p>
            to spit, I spat, spat.
            <br>to spit, I spit, spat.
</p>

<p><i>cracher</i></p>",false,
,019bbd41-010e-7779-936a-ca5f32776893,10,,to split,false,
,019bbd41-010e-7779-936a-ca5f32776893,20,,"<p>
            to split, I split, split.
</p>

<p><i>fendre</i></p>",false,
,019bbd41-0113-7f30-acce-6655dc6b2c81,10,,to spoil,false,
,019bbd41-0113-7f30-acce-6655dc6b2c81,20,,"<p>
            to spoil, I spoilt, spoilt.
</p>

<p><i>gâcher, gâter</i></p>",false,
,019bbd41-011a-7633-af3a-02d8be3a60f5,10,,to spread,false,
,019bbd41-011a-7633-af3a-02d8be3a60f5,20,,"<p>
            to spread, I spread, spread.
</p>

<ol>
            <li>
              étendre, déployer, étaler
              <br>She spread the blanket on the grass.
              <br><i>Elle étendit la couverture sur l'herbe.</i>
            </li>
            <li>
              répandre, diffuser, disperser
              <br>The news spread quickly through the town.
              <br><i>La nouvelle s'est répandue rapidement dans la ville.</i>
            </li>
            <li>
              se propager, s'étendre
              <br>The fire spread rapidly through the forest.
              <br><i>Le feu s'est propagé rapidement à travers la forêt.</i>
            </li>
</ol>",false,
,019bbd41-0121-7434-88d4-d6fa26c1b8c7,10,,to spring,false,
,019bbd41-0121-7434-88d4-d6fa26c1b8c7,20,,"<p>
            to spring, I sprang, sprung.
</p>

<ol>
            <li>
              sauter, bondir, jaillir
              <br>The cat will often spring into the air unexpectedly.
              <br><i>Le chat saute souvent en l'air de manière inattendue.</i>
            </li>
            <li>
              provenir, découler, résulter
              <br>Her success springs from hard work.
              <br><i>Son succès provient de son travail acharné.</i>
            </li>
            <li>
              dévoiler
              <br>He sprang the news on us at dinner.
              <br><i>Il nous a annoncé la nouvelle à dîner.</i>
            </li>
</ol>",false,
,019bbd41-0126-76a7-a870-9538701cc620,10,,to stand,false,
,019bbd41-0126-76a7-a870-9538701cc620,20,,"<p>
            to stand, I stood, stood.
</p>

<p><i>être debout</i></p>",false,
,019bbd45-0542-7a42-b6ed-a6644f922fa4,10,,to steal,false,
,019bbd45-0542-7a42-b6ed-a6644f922fa4,20,,"<p>
            to steal, I stole, stolen.
</p>

<p><i>voler, dérober</i></p>",false,
,019bbd45-0548-7d23-b19f-d40da29c9bc8,10,,to stick,false,
,019bbd45-0548-7d23-b19f-d40da29c9bc8,20,,"<p>
            to stick, I stuck, stuck.
</p>

<p><i>coller</i></p>",false,
,019bbd45-054c-7ac2-aef2-bb1edd6dd2a4,10,,to sting,false,
,019bbd45-054c-7ac2-aef2-bb1edd6dd2a4,20,,"<p>
            to sting, I stung, stung.
</p>

<p><i>piquer</i></p>",false,
,019bbd45-0550-7785-9f0b-3c1f7fc12ff8,10,,to stink,false,
,019bbd45-0550-7785-9f0b-3c1f7fc12ff8,20,,"<p>
            to stink, I stank, stunk.
</p>

<p><i>puer</i></p>",false,
,019bbd45-0554-720a-93ad-4365c85d4bce,10,,to strew,false,
,019bbd45-0554-720a-93ad-4365c85d4bce,20,,"<p>
            to strew, I strewed, strewn;
            <br>to strew, I strewed, strewed.
</p>

<p><i>répandre, éparpiller, parsemer</i></p>",false,
,019bbd45-0557-7b56-b470-54bb714631e0,10,,to strike,false,
,019bbd45-0557-7b56-b470-54bb714631e0,20,,"<p>
            to strike, I struck, stricken;
            <br>to strike, I struck, struck.
</p>

<p><i>frapper</i></p>",false,
,019bbd45-055b-73ba-b044-22f316340b7e,10,,to strive,false,
,019bbd45-055b-73ba-b044-22f316340b7e,20,,"<p>
            to strive, I strove, striven.
</p>

<p><i>s'efforcer, lutter, travailler dur, s'acharner</i></p>",false,
,019bbd45-055e-7d7c-a1fc-2c0460358349,10,,to swear,false,
,019bbd45-055e-7d7c-a1fc-2c0460358349,20,,"<p>
            to swear, I swore, sworn.
</p>

<p><i>jurer</i></p>",false,
,019bbd45-0562-75c3-9e66-146f089dc77c,10,,to sweat,false,
,019bbd45-0562-75c3-9e66-146f089dc77c,20,,"<p>
            to sweat, I sweat, sweat.
            <br>to sweat, I sweated, sweated.
</p>

<p><i>suer, transpirer</i></p>",false,
,019bbd45-0565-7ec7-8db2-c378551e2cf2,10,,to sweep,false,
,019bbd45-0565-7ec7-8db2-c378551e2cf2,20,,"<p>
            to sweep, I swept, swept.
</p>

<p><i>balayer</i></p>",false,
,019bbd45-0590-75c0-aeae-41ed4ec4a6ce,10,,to swell,false,
,019bbd45-0590-75c0-aeae-41ed4ec4a6ce,20,,"<p>
            to swell, I swelled, swollen.
</p>

<p><i>gonfler, enfler</i></p>",false,
,019bbd48-e3e4-7b16-9c7c-742e9577ccc8,10,,to swim,false,
,019bbd48-e3e4-7b16-9c7c-742e9577ccc8,20,,"<p>
            to swim, I swam, swum.
</p>

<p><i>nager</i></p>",false,
,019bbd48-e3f2-76db-b4d6-906675620904,10,,to swing,false,
,019bbd48-e3f2-76db-b4d6-906675620904,20,,"<p>
            to swing, I swung, swung.
</p>

<ol>
            <li>
              balancer, se balancer, osciller
              <br>The pendulum swings steadily.
              <br><i>Le pendule se balance régulièrement.</i>
            </li>
            <li>
              changer, fluctuer, varier
              <br>His mood swings throughout the day.
              <br><i>Son humeur change tout au long de la journée.</i>
            </li>
</ol>",false,
,019bbd48-e3f9-7fae-81f2-8e0f2ffabaaf,10,,to take,false,
,019bbd48-e3f9-7fae-81f2-8e0f2ffabaaf,20,,"<p>
            to take, I took, taken.
</p>

<p><i>prendre</i></p>",false,
,019bbd48-e401-77c0-89dc-b98d06cc5c70,10,,to teach,false,
,019bbd48-e401-77c0-89dc-b98d06cc5c70,20,,"<p >
            to teach, I taught, taught.
</p>

<p><i>enseigner</i></p>",false,
,019bbd48-e407-7779-8750-600648a3535e,10,,to tear,false,
,019bbd48-e407-7779-8750-600648a3535e,20,,"<p>
            to tear, I tore, torn.
</p>

<p><i>déchirer</i></p>",false,
,019bbd48-e40e-7fef-9914-3ae4dd766cf9,10,,to tell,false,
,019bbd48-e40e-7fef-9914-3ae4dd766cf9,20,,"<p>
            to tell, I told, told.
</p>

<p><i>dire, raconter</i></p>",false,
,019bbd48-e415-7086-bd35-533468bd2e4c,10,,to think,false,
,019bbd48-e415-7086-bd35-533468bd2e4c,20,,"<p>
            to think, I thought, thought.
</p>

<p><i>penser</i></p>",false,
,019bbd48-e41b-7b02-a255-15683aa617e4,10,,to thrive,false,
,019bbd48-e41b-7b02-a255-15683aa617e4,20,,"<p>
            to thrive, I throve, thriven.
            <br>to thrive, I thrived, thrived.
</p>

<p><i>prospérer</i></p>",false,
,019bbd48-e42f-7c0c-b49e-d0a8f55f0dba,10,,to throw,false,
,019bbd48-e42f-7c0c-b49e-d0a8f55f0dba,20,,"<p>
            to throw, I threw, thrown.
</p>

<p><i>jeter, lancer</i></p>",false,
,019bbd48-e436-753a-9eda-675d87d84d54,10,,to thrust,false,
,019bbd48-e436-753a-9eda-675d87d84d54,20,,"<p>
            to thrust, I thrust, thrust.
</p>

<ol>
            <li>
              enfoncer, pousser violemment
              <br>He thrust the door open with his shoulder.
              <br><i>Il enfonca la porte avec son épaule.</i>
            </li>
            <li>
              foncer, progresser de force
              <br>The soldiers thrust forward into enemy territory.
              <br><i>Les soldats ont foncé en territoire ennemi.</i>
            </li>
</ol>",false,
,019bbd50-24ed-7ac7-b63a-a407f0a6e181,10,,to tread,false,
,019bbd50-24ed-7ac7-b63a-a407f0a6e181,20,,"<p>
            to tread, I trod, trodden.
</p>

<ol>
            <li>
              marcher sur, fouler, piétiner
              <br>Be careful not to tread on the flowers.
              <br><i>Fais attention à ne pas marcher sur les fleurs.</i>
            </li>
            <li>
              faire attention, marcher sur des oeufs
              <br>She had to tread carefully in the meeting.
              <br><i>Elle a dû marcher sur des œufs pendant la réunion.</i>
            </li>
            <li>
              actionner, pédaler, appuyer sur
              <br>He trod the pedal to start the machine.
              <br><i>Il a actionné la pédale pour démarrer la machine.</i>
            </li>
</ol>",false,
,019bbd50-2522-7a82-bab9-4e189cade0bc,10,,to typeset,false,
,019bbd50-2522-7a82-bab9-4e189cade0bc,20,,"<p>
            to typeset, I typeset, typeset.
</p>

<ol>
            <li>
              composer (faire la composition typographique d'un texte)
              <br>She typeset the entire book manually using old printing presses.
              <br><i>Elle a composé tout le livre manuellement en utilisant de vieilles presses à imprimer.</i>
            </li>
            <li>
              mettre en page
              <br>The document will typeset automatically.
              <br><i>Le document sera mis en page automatiquement.</i>
            </li>
</ol>",false,
,019bbd50-2537-7564-9f70-cf016a7f2ee3,10,,to undergo,false,
,019bbd50-2537-7564-9f70-cf016a7f2ee3,20,,"<p>
            to undergo, I underwent, undergone.
</p>

<p><i>subir</i></p>",false,
,019bbd50-2585-7876-a70c-10cc37dfdc83,10,,to understand,false,
,019bbd50-2585-7876-a70c-10cc37dfdc83,20,,"<p>
            to understand, I understood, understood.
</p>

<p><i>comprendre</i></p>",false,
,019bbd50-258d-7411-9653-a6c763489e3f,10,,to wake,false,
,019bbd50-258d-7411-9653-a6c763489e3f,20,,"<p>
            to wake, I woke, woken.
</p>

<ol>
            <li>
              réveiller, se réveiller
              <br>She woke up at 6 AM.
              <br><i>Elle s'est réveillée à 6 heures.</i>
            </li>
            <li>
              éveiller, susciter, provoquer
              <br>The speech could wake strong emotions in the crowd.
              <br><i>Le discours pourrait susciter de fortes émotions dans la foule.</i>
            </li>
</ol>",false,
,019bbd50-2593-7e6a-b24a-086d524b83d6,10,,to wear,false,
,019bbd50-2593-7e6a-b24a-086d524b83d6,20,,"<p>
            to wear, I wore, worn.
</p>

<ol>
            <li>
              porter, mettre, revêtir
              <br>She likes to wear bright colors to stand out.
              <br><i>Elle aime porter des couleurs vives pour se démarquer.</i>
            </li>
            <li>
              afficher
              <br>The old cottage wears its age with pride.
              <br><i>Le vieux cottage affiche fièrement son âge.</i>
            </li>
            <li>
              s'user, s'abimer, se détériorer
              <br>The tires will wear over time.
              <br><i>Les pneus vont s'user avec le temps.</i>
            </li>
</ol>",false,
,019bbd50-2599-7eca-bb6d-048b7f9709ad,10,,to weep,false,
,019bbd50-2599-7eca-bb6d-048b7f9709ad,20,,"<p>
            to weep, I wept, wept.
</p>

<ol>
            <li>
              pleurer, sangloter, se lamenter
              <br>She began to weep when she heard the news.
              <br><i>Elle a commencé à pleurer quand elle a entendu la nouvelle.</i>
            </li>
            <li>
              suinter, exsuder
              <br>The wound started to weep after the bandage was removed.
              <br><i>La plaie a commencé à suinter après le retrait du bandage.</i>
            </li>
</ol>",false,
,019bbd50-25a0-741d-87c0-b89176bc9d10,10,,to wet,false,
,019bbd50-25a0-741d-87c0-b89176bc9d10,20,,"<p>
            to wet, I wet, wet;
            <br>to wet, I wetted, wetted.
</p>

<p><i>mouiller</i></p>",false,
,019bbd50-25a6-711c-b4a8-db901321a8f9,10,,to win,false,
,019bbd50-25a6-711c-b4a8-db901321a8f9,20,,"<p>
            to win, I won, won.
</p>

<p><i>gagner</i></p>",false,
,019bbd50-25af-76aa-9e85-f4cfc42dca54,10,,to wind,false,
,019bbd50-25af-76aa-9e85-f4cfc42dca54,20,,"<p>
            to wind, I wound, wound.
</p>

<ol>
            <li>
              enrouler, envelopper, entortiller
              <br>She winds the thread around the spool.
              <br><i>Elle enroule le fil autour de la bobine.</i>
            </li>
            <li>
              serpenter, s'enrouler, zigzaguer
              <br>The path winds through the forest.
              <br><i>Le chemin serpente à travers la forêt.</i>
            </li>
            <li>
              faire faire son rot, aider à roter (UK)
              <br>She gently winds the baby after feeding.
              <br><i>Elle fait faire délicatement son rot au bébé après le repas.</i>
            </li>
</ol>",false,
,019bbd50-25b7-7a3f-9e7a-fcd53251def5,10,,to withdraw,false,
,019bbd50-25b7-7a3f-9e7a-fcd53251def5,20,,"<p>
            to withdraw, I withdrew, withdrawn.
</p>

<ol>
            <li>
              se retirer, quitter, partir
              <br>The troops were ordered to withdraw from the area.
              <br><i>Les troupes ont reçu l'ordre de se retirer de la zone.</i>
            </li>
            <li>
              retirer, prélever, sortir
              <br>The doctor withdrew the bullet from the wound.
              <br><i>Le docteur a retiré la balle de la blessure.</i>
            </li>
            <li>
              retirer, rétracter, annuler
              <br>He has withdrawn several elements from his testimony so far.
              <br><i>Il s'est rétracté sur plusieurs éléments de son témoignage.</i>
            </li>
            <li>
              se retirer, s'isoler, se détacher
              <br>After the incident, he began to withdraw from his friends.
              <br><i>Après l'incident, il a commencé à se détacher de ses amis.</i>
            </li>
            <li>
              arrêter, sevrer, cesser
              <br>He decided to withdraw from alcohol completely.
              <br><i>Il a décidé d'arrêter complètement l'alcool.</i>
            </li>
</ol>",false,
,019bbd52-e47e-776d-8f2d-f8550735f259,10,,to wring,false,
,019bbd52-e47e-776d-8f2d-f8550735f259,20,,"<p>
            to wring, I wrung, wrung.
</p>

<ol>
            <li>
              essorer, tordre, presser
              <br>She wrung the towel to remove the excess water.
              <br><i>Elle essora la serviette pour en retirer l'excédent d'eau.</i>
            </li>
            <li>
              tordre, déformer, contorsionner
              <br>The accident wrung the metal frame.
              <br><i>L'accident a tordu le cadre métallique.</i>
            </li>
            <li>
              extorquer, arracher
              <br>He has wrung the truth from the reluctant witness.
              <br><i>Il a extorqué la vérité du témoin réticent.</i>
            </li>
</ol>",false,
,019bbd52-e487-7385-92ef-ccd66603e10b,10,,to write,false,
,019bbd52-e487-7385-92ef-ccd66603e10b,20,,"<p>
            to write, I wrote, written.
</p>

<p><i>écrire</i></p>

<p>
            She wrote a letter yesterday.
            <br><i>Elle écrivit une lettre hier.</i>
</p>

<p>
            I have already written three books.
            <br><i>J'ai déjà écrit trois livres.</i>
</p>",false,
